Questions,A,B,C,D,Correct Option
Choose the word most similar in meaning to the given word.  'BARBARIAN',Uncivilized,Civilized,Professional,Unprofessional,A
Choose the word most similar in meaning to the given word.  'BARBARIAN',Uncivilized,Civilized,Professional,Unprofessional,A
Choose the word most similar in meaning to the given word.  'BARBARIAN',Uncivilized,Civilized,Professional,Unprofessional,A
Choose the word most similar in meaning to the given word.  'BARBARIAN',Uncivilized,Civilized,Professional,Unprofessional,A
Choose the word most similar in meaning to the given word.  'BARBARIAN',Uncivilized,Civilized,Professional,Unprofessional,A
Choose the word most similar in meaning to the given word.  'BARBARIAN',Uncivilized,Civilized,Professional,Unprofessional,A
Choose the word most similar in meaning to the given word.  'BARBARIAN',Uncivilized,Civilized,Professional,Unprofessional,A
Choose the word most similar in meaning to the given word.  'BARBARIAN',Uncivilized,Civilized,Professional,Unprofessional,A
Choose the word most similar in meaning to the given word.  'BARBARIAN',Uncivilized,Civilized,Professional,Unprofessional,A
Choose the word most similar in meaning to the given word.  'BARBARIAN',Uncivilized,Civilized,Professional,Unprofessional,A
Choose the word most similar in meaning to the given word.  'BARBARIAN',Uncivilized,Civilized,Professional,Unprofessional,A
Choose the word most similar in meaning to the given word.  'BARBARIAN',Uncivilized,Civilized,Professional,Unprofessional,A
Choose the word most similar in meaning to the given word.  'BARBARIAN',Uncivilized,Civilized,Professional,Unprofessional,A
Choose the word most similar in meaning to the given word.  'BARBARIAN',Uncivilized,Civilized,Professional,Unprofessional,A
Choose the word most similar in meaning to the given word.  'BARBARIAN',Uncivilized,Civilized,Professional,Unprofessional,A
Choose the word most similar in meaning to the given word.  'BARBARIAN',Uncivilized,Civilized,Professional,Unprofessional,A
Choose the word most similar in meaning to the given word.  'BARBARIAN',Uncivilized,Civilized,Professional,Unprofessional,A
Choose the word most similar in meaning to the given word.  'BARBARIAN',Uncivilized,Civilized,Professional,Unprofessional,A
Choose the word most similar in meaning to the given word.  'BARBARIAN',Uncivilized,Civilized,Professional,Unprofessional,A
Choose the word most similar in meaning to the given word.  'BARBARIAN',Uncivilized,Civilized,Professional,Unprofessional,AChoose the word most similar in meaning to the given word.  'BARBARIAN',Uncivilized,Civilized,Professional,Unprofessional,A
Choose the word most similar in meaning to the given word.  'BARBARIAN',Uncivilized,Civilized,Professional,Unprofessional,A
Choose the word most similar in meaning to the given word.  'BARBARIAN',Uncivilized,Civilized,Professional,Unprofessional,A
Choose the word most similar in meaning to the given word.  'BARBARIAN',Uncivilized,Civilized,Professional,Unprofessional,A
Choose the word most similar in meaning to the given word.  'BARBARIAN',Uncivilized,Civilized,Professional,Unprofessional,A
Choose the word most similar in meaning to the given word.  'BARBARIAN',Uncivilized,Civilized,Professional,Unprofessional,A
Choose the word most similar in meaning to the given word.  'BARBARIAN',Uncivilized,Civilized,Professional,Unprofessional,A
Choose the word most similar in meaning to the given word.  'BARBARIAN',Uncivilized,Civilized,Professional,Unprofessional,A
Choose the word most similar in meaning to the given word.  'BARBARIAN',Uncivilized,Civilized,Professional,Unprofessional,A
Choose the word most similar in meaning to the given word.  'BARBARIAN',Uncivilized,Civilized,Professional,Unprofessional,A
Choose the word most similar in meaning to the given word.  'BARBARIAN',Uncivilized,Civilized,Professional,Unprofessional,A
Choose the word most similar in meaning to the given word.  'BARBARIAN',Uncivilized,Civilized,Professional,Unprofessional,A
Choose the word most similar in meaning to the given word.  'BARBARIAN',Uncivilized,Civilized,Professional,Unprofessional,A
Choose the word most similar in meaning to the given word.  'BARBARIAN',Uncivilized,Civilized,Professional,Unprofessional,A
Choose the word most similar in meaning to the given word.  'BARBARIAN',Uncivilized,Civilized,Professional,Unprofessional,A
Choose the word most similar in meaning to the given word.  'BARBARIAN',Uncivilized,Civilized,Professional,Unprofessional,A
Choose the word most similar in meaning to the given word.  'BARBARIAN',Uncivilized,Civilized,Professional,Unprofessional,A
Choose the word most similar in meaning to the given word.  'BARBARIAN',Uncivilized,Civilized,Professional,Unprofessional,A
Choose the word most similar in meaning to the given word.  'BARBARIAN',Uncivilized,Civilized,Professional,Unprofessional,A
Choose the word most similar in meaning to the given word.  'BARBARIAN',Uncivilized,Civilized,Professional,Unprofessional,AChoose the word most similar in meaning to the given word.  'BARBARIAN',Uncivilized,Civilized,Professional,Unprofessional,A
Choose the word most similar in meaning to the given word.  'BARBARIAN',Uncivilized,Civilized,Professional,Unprofessional,A
Choose the word most similar in meaning to the given word.  'BARBARIAN',Uncivilized,Civilized,Professional,Unprofessional,A
Choose the word most similar in meaning to the given word.  'BARBARIAN',Uncivilized,Civilized,Professional,Unprofessional,A
Choose the word most similar in meaning to the given word.  'BARBARIAN',Uncivilized,Civilized,Professional,Unprofessional,A
Choose the word most similar in meaning to the given word.  'BARBARIAN',Uncivilized,Civilized,Professional,Unprofessional,A
Choose the word most similar in meaning to the given word.  'BARBARIAN',Uncivilized,Civilized,Professional,Unprofessional,A
Choose the word most similar in meaning to the given word.  'BARBARIAN',Uncivilized,Civilized,Professional,Unprofessional,A
Choose the word most similar in meaning to the given word.  'BARBARIAN',Uncivilized,Civilized,Professional,Unprofessional,A
Choose the word most similar in meaning to the given word.  'BARBARIAN',Uncivilized,Civilized,Professional,Unprofessional,A
Choose the word most similar in meaning to the given word.  'BARBARIAN',Uncivilized,Civilized,Professional,Unprofessional,A
Choose the word most similar in meaning to the given word.  'BARBARIAN',Uncivilized,Civilized,Professional,Unprofessional,A
Choose the word most similar in meaning to the given word.  'BARBARIAN',Uncivilized,Civilized,Professional,Unprofessional,A
Choose the word most similar in meaning to the given word.  'BARBARIAN',Uncivilized,Civilized,Professional,Unprofessional,A
Choose the word most similar in meaning to the given word.  'BARBARIAN',Uncivilized,Civilized,Professional,Unprofessional,A
Choose the word most similar in meaning to the given word.  'BARBARIAN',Uncivilized,Civilized,Professional,Unprofessional,A
Choose the word most similar in meaning to the given word.  'BARBARIAN',Uncivilized,Civilized,Professional,Unprofessional,A
Choose the word most similar in meaning to the given word.  'BARBARIAN',Uncivilized,Civilized,Professional,Unprofessional,A
Choose the word most similar in meaning to the given word.  'BARBARIAN',Uncivilized,Civilized,Professional,Unprofessional,A
Choose the word most similar in meaning to the given word.  'BARBARIAN',Uncivilized,Civilized,Professional,Unprofessional,AChoose the word most similar in meaning to the given word.  'BARBARIAN',Uncivilized,Civilized,Professional,Unprofessional,A
Choose the word most similar in meaning to the given word.  'BARBARIAN',Uncivilized,Civilized,Professional,Unprofessional,A
Choose the word most similar in meaning to the given word.  'BARBARIAN',Uncivilized,Civilized,Professional,Unprofessional,A
Choose the word most similar in meaning to the given word.  'BARBARIAN',Uncivilized,Civilized,Professional,Unprofessional,A
Choose the word most similar in meaning to the given word.  'BARBARIAN',Uncivilized,Civilized,Professional,Unprofessional,A
Choose the word most similar in meaning to the given word.  'BARBARIAN',Uncivilized,Civilized,Professional,Unprofessional,A
Choose the word most similar in meaning to the given word.  'BARBARIAN',Uncivilized,Civilized,Professional,Unprofessional,A
Choose the word most similar in meaning to the given word.  'BARBARIAN',Uncivilized,Civilized,Professional,Unprofessional,A
Choose the word most similar in meaning to the given word.  'BARBARIAN',Uncivilized,Civilized,Professional,Unprofessional,A
Choose the word most similar in meaning to the given word.  'BARBARIAN',Uncivilized,Civilized,Professional,Unprofessional,A
Choose the word most similar in meaning to the given word.  'BARBARIAN',Uncivilized,Civilized,Professional,Unprofessional,A
Choose the word most similar in meaning to the given word.  'BARBARIAN',Uncivilized,Civilized,Professional,Unprofessional,A
Choose the word most similar in meaning to the given word.  'BARBARIAN',Uncivilized,Civilized,Professional,Unprofessional,A
Choose the word most similar in meaning to the given word.  'BARBARIAN',Uncivilized,Civilized,Professional,Unprofessional,A
Choose the word most similar in meaning to the given word.  'BARBARIAN',Uncivilized,Civilized,Professional,Unprofessional,A
Choose the word most similar in meaning to the given word.  'BARBARIAN',Uncivilized,Civilized,Professional,Unprofessional,A
Choose the word most similar in meaning to the given word.  'BARBARIAN',Uncivilized,Civilized,Professional,Unprofessional,A
Choose the word most similar in meaning to the given word.  'BARBARIAN',Uncivilized,Civilized,Professional,Unprofessional,A
Choose the word most similar in meaning to the given word.  'BARBARIAN',Uncivilized,Civilized,Professional,Unprofessional,A
Choose the word most similar in meaning to the given word.  'BARBARIAN',Uncivilized,Civilized,Professional,Unprofessional,AChoose the word most similar in meaning to the given word.  'BARBARIAN',Uncivilized,Civilized,Professional,Unprofessional,A
Choose the word most similar in meaning to the given word.  'BARBARIAN',Uncivilized,Civilized,Professional,Unprofessional,A
Choose the word most similar in meaning to the given word.  'BARBARIAN',Uncivilized,Civilized,Professional,Unprofessional,A
Choose the word most similar in meaning to the given word.  'BARBARIAN',Uncivilized,Civilized,Professional,Unprofessional,A
Choose the word most similar in meaning to the given word.  'BARBARIAN',Uncivilized,Civilized,Professional,Unprofessional,A
Choose the word most similar in meaning to the given word.  'BARBARIAN',Uncivilized,Civilized,Professional,Unprofessional,A
Choose the word most similar in meaning to the given word.  'BARBARIAN',Uncivilized,Civilized,Professional,Unprofessional,A
Choose the word most similar in meaning to the given word.  'BARBARIAN',Uncivilized,Civilized,Professional,Unprofessional,A
Choose the word most similar in meaning to the given word.  'BARBARIAN',Uncivilized,Civilized,Professional,Unprofessional,A
Choose the word most similar in meaning to the given word.  'BARBARIAN',Uncivilized,Civilized,Professional,Unprofessional,A
Choose the word most similar in meaning to the given word.  'BARBARIAN',Uncivilized,Civilized,Professional,Unprofessional,A
Choose the word most similar in meaning to the given word.  'BARBARIAN',Uncivilized,Civilized,Professional,Unprofessional,A
Choose the word most similar in meaning to the given word.  'BARBARIAN',Uncivilized,Civilized,Professional,Unprofessional,A
Choose the word most similar in meaning to the given word.  'BARBARIAN',Uncivilized,Civilized,Professional,Unprofessional,A
Choose the word most similar in meaning to the given word.  'BARBARIAN',Uncivilized,Civilized,Professional,Unprofessional,A
Choose the word most similar in meaning to the given word.  'BARBARIAN',Uncivilized,Civilized,Professional,Unprofessional,A
Choose the word most similar in meaning to the given word.  'BARBARIAN',Uncivilized,Civilized,Professional,Unprofessional,A
Choose the word most similar in meaning to the given word.  'BARBARIAN',Uncivilized,Civilized,Professional,Unprofessional,A
Choose the word most similar in meaning to the given word.  'BARBARIAN',Uncivilized,Civilized,Professional,Unprofessional,A
Choose the word most similar in meaning to the given word.  'BARBARIAN',Uncivilized,Civilized,Professional,Unprofessional,AChoose the word most similar in meaning to the given word.  'BARBARIAN',Uncivilized,Civilized,Professional,Unprofessional,A
Choose the word most similar in meaning to the given word.  'BARBARIAN',Uncivilized,Civilized,Professional,Unprofessional,A
Choose the word most similar in meaning to the given word.  'BARBARIAN',Uncivilized,Civilized,Professional,Unprofessional,A
Choose the word most similar in meaning to the given word.  'BARBARIAN',Uncivilized,Civilized,Professional,Unprofessional,A
Choose the word most similar in meaning to the given word.  'BARBARIAN',Uncivilized,Civilized,Professional,Unprofessional,A
Choose the word most similar in meaning to the given word.  'BARBARIAN',Uncivilized,Civilized,Professional,Unprofessional,A
Choose the word most similar in meaning to the given word.  'BARBARIAN',Uncivilized,Civilized,Professional,Unprofessional,A
Choose the word most similar in meaning to the given word.  'BARBARIAN',Uncivilized,Civilized,Professional,Unprofessional,A
Choose the word most similar in meaning to the given word.  'BARBARIAN',Uncivilized,Civilized,Professional,Unprofessional,A
Choose the word most similar in meaning to the given word.  'BARBARIAN',Uncivilized,Civilized,Professional,Unprofessional,A
Choose the word most similar in meaning to the given word.  'BARBARIAN',Uncivilized,Civilized,Professional,Unprofessional,A
Choose the word most similar in meaning to the given word.  'BARBARIAN',Uncivilized,Civilized,Professional,Unprofessional,A
Choose the word most similar in meaning to the given word.  'BARBARIAN',Uncivilized,Civilized,Professional,Unprofessional,A
Choose the word most similar in meaning to the given word.  'BARBARIAN',Uncivilized,Civilized,Professional,Unprofessional,A
Choose the word most similar in meaning to the given word.  'BARBARIAN',Uncivilized,Civilized,Professional,Unprofessional,A
Choose the word most similar in meaning to the given word.  'BARBARIAN',Uncivilized,Civilized,Professional,Unprofessional,A
Choose the word most similar in meaning to the given word.  'BARBARIAN',Uncivilized,Civilized,Professional,Unprofessional,A
Choose the word most similar in meaning to the given word.  'BARBARIAN',Uncivilized,Civilized,Professional,Unprofessional,A
Choose the word most similar in meaning to the given word.  'BARBARIAN',Uncivilized,Civilized,Professional,Unprofessional,A
Choose the word most similar in meaning to the given word.  'BARBARIAN',Uncivilized,Civilized,Professional,Unprofessional,AChoose the word most similar in meaning to the given word.  'BARBARIAN',Uncivilized,Civilized,Professional,Unprofessional,A
Choose the word most similar in meaning to the given word.  'BARBARIAN',Uncivilized,Civilized,Professional,Unprofessional,A
Choose the word most similar in meaning to the given word.  'BARBARIAN',Uncivilized,Civilized,Professional,Unprofessional,A
Choose the word most similar in meaning to the given word.  'BARBARIAN',Uncivilized,Civilized,Professional,Unprofessional,A
Choose the word most similar in meaning to the given word.  'BARBARIAN',Uncivilized,Civilized,Professional,Unprofessional,A
Choose the word most similar in meaning to the given word.  'BARBARIAN',Uncivilized,Civilized,Professional,Unprofessional,A
Choose the word most similar in meaning to the given word.  'BARBARIAN',Uncivilized,Civilized,Professional,Unprofessional,A
Choose the word most similar in meaning to the given word.  'BARBARIAN',Uncivilized,Civilized,Professional,Unprofessional,A
Choose the word most similar in meaning to the given word.  'BARBARIAN',Uncivilized,Civilized,Professional,Unprofessional,A
Choose the word most similar in meaning to the given word.  'BARBARIAN',Uncivilized,Civilized,Professional,Unprofessional,A
Choose the word most similar in meaning to the given word.  'BARBARIAN',Uncivilized,Civilized,Professional,Unprofessional,A
Choose the word most similar in meaning to the given word.  'BARBARIAN',Uncivilized,Civilized,Professional,Unprofessional,A
Choose the word most similar in meaning to the given word.  'BARBARIAN',Uncivilized,Civilized,Professional,Unprofessional,A
Choose the word most similar in meaning to the given word.  'BARBARIAN',Uncivilized,Civilized,Professional,Unprofessional,A
Choose the word most similar in meaning to the given word.  'BARBARIAN',Uncivilized,Civilized,Professional,Unprofessional,A
Choose the word most similar in meaning to the given word.  'BARBARIAN',Uncivilized,Civilized,Professional,Unprofessional,A
Choose the word most similar in meaning to the given word.  'BARBARIAN',Uncivilized,Civilized,Professional,Unprofessional,A
Choose the word most similar in meaning to the given word.  'BARBARIAN',Uncivilized,Civilized,Professional,Unprofessional,A
Choose the word most similar in meaning to the given word.  'BARBARIAN',Uncivilized,Civilized,Professional,Unprofessional,A
Choose the word most similar in meaning to the given word.  'BARBARIAN',Uncivilized,Civilized,Professional,Unprofessional,AChoose the word most similar in meaning to the given word.  'BARBARIAN',Uncivilized,Civilized,Professional,Unprofessional,A
Choose the word most similar in meaning to the given word.  'BARBARIAN',Uncivilized,Civilized,Professional,Unprofessional,A
Choose the word most similar in meaning to the given word.  'BARBARIAN',Uncivilized,Civilized,Professional,Unprofessional,A
Choose the word most similar in meaning to the given word.  'BARBARIAN',Uncivilized,Civilized,Professional,Unprofessional,A
Choose the word most similar in meaning to the given word.  'BARBARIAN',Uncivilized,Civilized,Professional,Unprofessional,A
Choose the word most similar in meaning to the given word.  'BARBARIAN',Uncivilized,Civilized,Professional,Unprofessional,A
Choose the word most similar in meaning to the given word.  'BARBARIAN',Uncivilized,Civilized,Professional,Unprofessional,A
Choose the word most similar in meaning to the given word.  'BARBARIAN',Uncivilized,Civilized,Professional,Unprofessional,A
Choose the word most similar in meaning to the given word.  'BARBARIAN',Uncivilized,Civilized,Professional,Unprofessional,A
Choose the word most similar in meaning to the given word.  'BARBARIAN',Uncivilized,Civilized,Professional,Unprofessional,A
Choose the word most similar in meaning to the given word.  'BARBARIAN',Uncivilized,Civilized,Professional,Unprofessional,A
Choose the word most similar in meaning to the given word.  'BARBARIAN',Uncivilized,Civilized,Professional,Unprofessional,A
Choose the word most similar in meaning to the given word.  'BARBARIAN',Uncivilized,Civilized,Professional,Unprofessional,A
Choose the word most similar in meaning to the given word.  'BARBARIAN',Uncivilized,Civilized,Professional,Unprofessional,A
Choose the word most similar in meaning to the given word.  'BARBARIAN',Uncivilized,Civilized,Professional,Unprofessional,A
Choose the word most similar in meaning to the given word.  'BARBARIAN',Uncivilized,Civilized,Professional,Unprofessional,A
Choose the word most similar in meaning to the given word.  'BARBARIAN',Uncivilized,Civilized,Professional,Unprofessional,A
Choose the word most similar in meaning to the given word.  'BARBARIAN',Uncivilized,Civilized,Professional,Unprofessional,A
Choose the word most similar in meaning to the given word.  'BARBARIAN',Uncivilized,Civilized,Professional,Unprofessional,A
Choose the word most similar in meaning to the given word.  'BARBARIAN',Uncivilized,Civilized,Professional,Unprofessional,AChoose the word most similar in meaning to the given word.  'BARBARIAN',Uncivilized,Civilized,Professional,Unprofessional,A
Choose the word most similar in meaning to the given word.  'BARBARIAN',Uncivilized,Civilized,Professional,Unprofessional,A
Choose the word most similar in meaning to the given word.  'BARBARIAN',Uncivilized,Civilized,Professional,Unprofessional,A
Choose the word most similar in meaning to the given word.  'BARBARIAN',Uncivilized,Civilized,Professional,Unprofessional,A
Choose the word most similar in meaning to the given word.  'BARBARIAN',Uncivilized,Civilized,Professional,Unprofessional,A
Choose the word most similar in meaning to the given word.  'BARBARIAN',Uncivilized,Civilized,Professional,Unprofessional,A
Choose the word most similar in meaning to the given word.  'BARBARIAN',Uncivilized,Civilized,Professional,Unprofessional,A
Choose the word most similar in meaning to the given word.  'BARBARIAN',Uncivilized,Civilized,Professional,Unprofessional,A
Choose the word most similar in meaning to the given word.  'BARBARIAN',Uncivilized,Civilized,Professional,Unprofessional,A
Choose the word most similar in meaning to the given word.  'BARBARIAN',Uncivilized,Civilized,Professional,Unprofessional,A
Choose the word most similar in meaning to the given word.  'BARBARIAN',Uncivilized,Civilized,Professional,Unprofessional,A
Choose the word most similar in meaning to the given word.  'BARBARIAN',Uncivilized,Civilized,Professional,Unprofessional,A
Choose the word most similar in meaning to the given word.  'BARBARIAN',Uncivilized,Civilized,Professional,Unprofessional,A
Choose the word most similar in meaning to the given word.  'BARBARIAN',Uncivilized,Civilized,Professional,Unprofessional,A
Choose the word most similar in meaning to the given word.  'BARBARIAN',Uncivilized,Civilized,Professional,Unprofessional,A
Choose the word most similar in meaning to the given word.  'BARBARIAN',Uncivilized,Civilized,Professional,Unprofessional,A
Choose the word most similar in meaning to the given word.  'BARBARIAN',Uncivilized,Civilized,Professional,Unprofessional,A
Choose the word most similar in meaning to the given word.  'BARBARIAN',Uncivilized,Civilized,Professional,Unprofessional,A
Choose the word most similar in meaning to the given word.  'BARBARIAN',Uncivilized,Civilized,Professional,Unprofessional,A
Choose the word most similar in meaning to the given word.  'BARBARIAN',Uncivilized,Civilized,Professional,Unprofessional,AChoose the word most similar in meaning to the given word.  'BARBARIAN',Uncivilized,Civilized,Professional,Unprofessional,A
Choose the word most similar in meaning to the given word.  'BARBARIAN',Uncivilized,Civilized,Professional,Unprofessional,A
Choose the word most similar in meaning to the given word.  'BARBARIAN',Uncivilized,Civilized,Professional,Unprofessional,A
Choose the word most similar in meaning to the given word.  'BARBARIAN',Uncivilized,Civilized,Professional,Unprofessional,A
Choose the word most similar in meaning to the given word.  'BARBARIAN',Uncivilized,Civilized,Professional,Unprofessional,A
Choose the word most similar in meaning to the given word.  'BARBARIAN',Uncivilized,Civilized,Professional,Unprofessional,A
Choose the word most similar in meaning to the given word.  'BARBARIAN',Uncivilized,Civilized,Professional,Unprofessional,A
Choose the word most similar in meaning to the given word.  'BARBARIAN',Uncivilized,Civilized,Professional,Unprofessional,A
Choose the word most similar in meaning to the given word.  'BARBARIAN',Uncivilized,Civilized,Professional,Unprofessional,A
Choose the word most similar in meaning to the given word.  'BARBARIAN',Uncivilized,Civilized,Professional,Unprofessional,A
Choose the word most similar in meaning to the given word.  'BARBARIAN',Uncivilized,Civilized,Professional,Unprofessional,A
Choose the word most similar in meaning to the given word.  'BARBARIAN',Uncivilized,Civilized,Professional,Unprofessional,A
Choose the word most similar in meaning to the given word.  'BARBARIAN',Uncivilized,Civilized,Professional,Unprofessional,A
Choose the word most similar in meaning to the given word.  'BARBARIAN',Uncivilized,Civilized,Professional,Unprofessional,A
Choose the word most similar in meaning to the given word.  'BARBARIAN',Uncivilized,Civilized,Professional,Unprofessional,A
Choose the word most similar in meaning to the given word.  'BARBARIAN',Uncivilized,Civilized,Professional,Unprofessional,A
Choose the word most similar in meaning to the given word.  'BARBARIAN',Uncivilized,Civilized,Professional,Unprofessional,A
Choose the word most similar in meaning to the given word.  'BARBARIAN',Uncivilized,Civilized,Professional,Unprofessional,A
Choose the word most similar in meaning to the given word.  'BARBARIAN',Uncivilized,Civilized,Professional,Unprofessional,A
Choose the word most similar in meaning to the given word.  'BARBARIAN',Uncivilized,Civilized,Professional,Unprofessional,A
Choose the word most similar in meaning to the given word.  'BARBARIAN',Uncivilized,Civilized,Professional,Unprofessional,A
Choose the word most similar in meaning to the given word.  'BARBARIAN',Uncivilized,Civilized,Professional,Unprofessional,A
Choose the word most similar in meaning to the given word.  'BARBARIAN',Uncivilized,Civilized,Professional,Unprofessional,A
Choose the word most similar in meaning to the given word.  'BARBARIAN',Uncivilized,Civilized,Professional,Unprofessional,A
Choose the word most similar in meaning to the given word.  'BARBARIAN',Uncivilized,Civilized,Professional,Unprofessional,A
Choose the word most similar in meaning to the given word.  'BARBARIAN',Uncivilized,Civilized,Professional,Unprofessional,A
Choose the word most similar in meaning to the given word.  'BARBARIAN',Uncivilized,Civilized,Professional,Unprofessional,A
Choose the word most similar in meaning to the given word.  'BARBARIAN',Uncivilized,Civilized,Professional,Unprofessional,A
Choose the word most similar in meaning to the given word.  'BARBARIAN',Uncivilized,Civilized,Professional,Unprofessional,A
Choose the word most similar in meaning to the given word.  'BARBARIAN',Uncivilized,Civilized,Professional,Unprofessional,A